"10006532752","PushEvent","2019-07-14T00:26:56Z","quangquyet05t3/brixey","https://api.github.com/repos/quangquyet05t3/brixey","quangquyet05t3",""
"10006532756","PushEvent","2019-07-14T00:26:56Z","drtychai/browser-exploitation","https://api.github.com/repos/drtychai/browser-exploitation","drtychai",""
"10006532758","PushEvent","2019-07-14T00:26:56Z","simulationcraft/simc","https://api.github.com/repos/simulationcraft/simc","Melekus","simulationcraft"
"10006532760","PushEvent","2019-07-14T00:26:56Z","JeremyW1990/practicePortfolio","https://api.github.com/repos/JeremyW1990/practicePortfolio","JeremyW1990",""
"10006532763","PullRequestEvent","2019-07-14T00:26:56Z","escapace/fluent","https://api.github.com/repos/escapace/fluent","renovate[bot]","escapace"
"10006532770","WatchEvent","2019-07-14T00:26:56Z","cohama/lexima.vim","https://api.github.com/repos/cohama/lexima.vim","darthzyklus",""
"10006532772","PullRequestEvent","2019-07-14T00:26:56Z","innerspacepilot/void-packages","https://api.github.com/repos/innerspacepilot/void-packages","pull[bot]",""
"10006532774","PushEvent","2019-07-14T00:26:56Z","agilgur5/mst-persist","https://api.github.com/repos/agilgur5/mst-persist","agilgur5",""
"10006532777","PushEvent","2019-07-14T00:26:56Z","innerspacepilot/void-packages","https://api.github.com/repos/innerspacepilot/void-packages","pull[bot]",""
"10006532780","IssueCommentEvent","2019-07-14T00:26:56Z","dotnet/corefx","https://api.github.com/repos/dotnet/corefx","azure-pipelines[bot]","dotnet"
"10006532781","PushEvent","2019-07-14T00:26:56Z","mzhang724/python-practice-with-datatypes-data-science-intro-000","https://api.github.com/repos/mzhang724/python-practice-with-datatypes-data-science-intro-000","mzhang724",""
"10006532782","PushEvent","2019-07-14T00:26:56Z","l1t0x/com","https://api.github.com/repos/l1t0x/com","l1t0x",""
"10006532785","PushEvent","2019-07-14T00:26:57Z","ldXiao/OTMapping","https://api.github.com/repos/ldXiao/OTMapping","ldXiao",""
"10006532788","PushEvent","2019-07-14T00:26:57Z","KeiHasegawa/ISO_IEC_14882","https://api.github.com/repos/KeiHasegawa/ISO_IEC_14882","KeiHasegawa",""
"10006532789","IssuesEvent","2019-07-14T00:26:57Z","ZyC0R3/Rita","https://api.github.com/repos/ZyC0R3/Rita","ZyC0R3",""
"10006532792","CreateEvent","2019-07-14T00:26:57Z","ricglz0201/ttt-react","https://api.github.com/repos/ricglz0201/ttt-react","ricglz0201",""
"10006532794","CreateEvent","2019-07-14T00:26:57Z","MarceloHBoff/primeiro-projeto-react","https://api.github.com/repos/MarceloHBoff/primeiro-projeto-react","MarceloHBoff",""
"10006532796","PushEvent","2019-07-14T00:26:57Z","sumanth-kumar-meesala/management-api","https://api.github.com/repos/sumanth-kumar-meesala/management-api","sumanth-kumar-meesala",""
"10006532801","PushEvent","2019-07-14T00:26:57Z","sourceconnect-testing/subscription","https://api.github.com/repos/sourceconnect-testing/subscription","sourceconnect-tests","sourceconnect-testing"
"10006532803","CreateEvent","2019-07-14T00:26:57Z","mjstest/orgb3","https://api.github.com/repos/mjstest/orgb3","kirillovmr","mjstest"
"10006532805","PullRequestEvent","2019-07-14T00:26:57Z","vivaxy/course","https://api.github.com/repos/vivaxy/course","vivaxy",""
"10006532807","PushEvent","2019-07-14T00:26:57Z","Hehejie1/note","https://api.github.com/repos/Hehejie1/note","Hehejie1",""
"10006532808","PullRequestEvent","2019-07-14T00:26:57Z","greboid/ig","https://api.github.com/repos/greboid/ig","dependabot-preview[bot]",""
"10006532809","PushEvent","2019-07-14T00:26:58Z","digantamisra98/Drishyam.AI","https://api.github.com/repos/digantamisra98/Drishyam.AI","digantamisra98",""
"10006532812","PushEvent","2019-07-14T00:26:58Z","quannguyen234/calculating-lines-data-science-intro-000","https://api.github.com/repos/quannguyen234/calculating-lines-data-science-intro-000","quannguyen234",""
"10006532813","CommitCommentEvent","2019-07-14T00:26:58Z","TrapTeamCCNZ/TTMS-DEPLOY","https://api.github.com/repos/TrapTeamCCNZ/TTMS-DEPLOY","now[bot]","TrapTeamCCNZ"
"10006532814","CreateEvent","2019-07-14T00:26:58Z","pantheon-training-org/student-07-drupalcon-seattle-2019","https://api.github.com/repos/pantheon-training-org/student-07-drupalcon-seattle-2019","ataylorme","pantheon-training-org"
"10006532815","CreateEvent","2019-07-14T00:26:58Z","san7iix/AsociarPalabras","https://api.github.com/repos/san7iix/AsociarPalabras","san7iix",""
"10006532816","WatchEvent","2019-07-14T00:26:58Z","Naamloos/CHANdler","https://api.github.com/repos/Naamloos/CHANdler","bfgh012",""
"10006532817","IssuesEvent","2019-07-14T00:26:58Z","grapoza/vue-tree","https://api.github.com/repos/grapoza/vue-tree","grapoza",""
"10006532818","IssuesEvent","2019-07-14T00:26:58Z","IBM/kui","https://api.github.com/repos/IBM/kui","starpit","IBM"
"10006532819","PullRequestEvent","2019-07-14T00:26:58Z","grapoza/vue-tree","https://api.github.com/repos/grapoza/vue-tree","grapoza",""
"10006532823","PushEvent","2019-07-14T00:26:58Z","vivaxy/course","https://api.github.com/repos/vivaxy/course","vivaxy",""
"10006532827","PushEvent","2019-07-14T00:26:58Z","fabianquirola/fabianquirola.github.io","https://api.github.com/repos/fabianquirola/fabianquirola.github.io","fabianquirola",""
"10006532828","PushEvent","2019-07-14T00:26:58Z","kylepw/panner","https://api.github.com/repos/kylepw/panner","kylepw",""
"10006532831","PullRequestEvent","2019-07-14T00:26:59Z","pantheon-training-org/student-07-drupalcon-seattle-2019","https://api.github.com/repos/pantheon-training-org/student-07-drupalcon-seattle-2019","ataylorme","pantheon-training-org"
"10006532833","PushEvent","2019-07-14T00:26:59Z","altom901/python-dictionaries-readme-ds-apply-000","https://api.github.com/repos/altom901/python-dictionaries-readme-ds-apply-000","altom901",""
"10006532835","PushEvent","2019-07-14T00:26:59Z","Systemcluster/The-Witcher-3-Mod-manager","https://api.github.com/repos/Systemcluster/The-Witcher-3-Mod-manager","Systemcluster",""
"10006532836","DeleteEvent","2019-07-14T00:26:59Z","TrapTeamCCNZ/TTMS-DEPLOY","https://api.github.com/repos/TrapTeamCCNZ/TTMS-DEPLOY","imgbot[bot]","TrapTeamCCNZ"
"10006532837","PushEvent","2019-07-14T00:26:59Z","grapoza/vue-tree","https://api.github.com/repos/grapoza/vue-tree","grapoza",""
"10006532838","PushEvent","2019-07-14T00:26:59Z","ismaildude/College-Linux","https://api.github.com/repos/ismaildude/College-Linux","ismaildude",""
"10006532840","WatchEvent","2019-07-14T00:26:59Z","scutan90/DeepLearning-500-questions","https://api.github.com/repos/scutan90/DeepLearning-500-questions","mattmengCooper",""
"10006532843","PullRequestEvent","2019-07-14T00:26:59Z","Carthage/Carthage","https://api.github.com/repos/Carthage/Carthage","DavidBrunow","Carthage"
"10006532846","CreateEvent","2019-07-14T00:26:59Z","dauncy/sigma-notation-data-science-intro-000","https://api.github.com/repos/dauncy/sigma-notation-data-science-intro-000","dauncy",""
"10006532849","PushEvent","2019-07-14T00:27:00Z","ktt3100/python-for-loops-lab-data-science-intro-000","https://api.github.com/repos/ktt3100/python-for-loops-lab-data-science-intro-000","ktt3100",""
"10006532850","PushEvent","2019-07-14T00:27:00Z","sebastianovide/photos","https://api.github.com/repos/sebastianovide/photos","sebastianovide",""
"10006532851","WatchEvent","2019-07-14T00:27:00Z","peers/peerjs","https://api.github.com/repos/peers/peerjs","yusuf-azer","peers"
"10006532853","PullRequestEvent","2019-07-14T00:27:00Z","epsagon/epsagon-python","https://api.github.com/repos/epsagon/epsagon-python","ranrib","epsagon"
"10006532856","PushEvent","2019-07-14T00:27:00Z","SELinuxProject/setools","https://api.github.com/repos/SELinuxProject/setools","pebenito","SELinuxProject"
"10006532857","DeleteEvent","2019-07-14T00:27:00Z","direwolf-github/my-app","https://api.github.com/repos/direwolf-github/my-app","direwolf-github",""
"10006532858","PushEvent","2019-07-14T00:27:00Z","SJeannie/python-practice-with-datatypes-houston-ds-071519","https://api.github.com/repos/SJeannie/python-practice-with-datatypes-houston-ds-071519","SJeannie",""
"10006532859","PushEvent","2019-07-14T00:27:00Z","j-hui/pokerus","https://api.github.com/repos/j-hui/pokerus","j-hui",""
"10006532861","CreateEvent","2019-07-14T00:27:00Z","chaitanyapotti/MembershipVerificationToken","https://api.github.com/repos/chaitanyapotti/MembershipVerificationToken","greenkeeper[bot]",""
"10006532862","PushEvent","2019-07-14T00:27:00Z","dialdialdial/dotsNew","https://api.github.com/repos/dialdialdial/dotsNew","dialdialdial",""
"10006532865","PushEvent","2019-07-14T00:27:01Z","epsagon/epsagon-python","https://api.github.com/repos/epsagon/epsagon-python","ranrib","epsagon"
"10006532870","DeleteEvent","2019-07-14T00:27:01Z","greboid/ig","https://api.github.com/repos/greboid/ig","dependabot-preview[bot]",""
"10006532872","PullRequestEvent","2019-07-14T00:27:01Z","IC97/Ina-Chen","https://api.github.com/repos/IC97/Ina-Chen","IC97",""
"10006532873","PushEvent","2019-07-14T00:27:01Z","tralezab/tgstation","https://api.github.com/repos/tralezab/tgstation","tralezab",""
"10006532880","PushEvent","2019-07-14T00:27:01Z","EricDw/Nano-Apps","https://api.github.com/repos/EricDw/Nano-Apps","EricDw",""
"10006532882","IssueCommentEvent","2019-07-14T00:27:02Z","nih-sparc/data-portal","https://api.github.com/repos/nih-sparc/data-portal","jwagenaar","nih-sparc"
"10006532886","CreateEvent","2019-07-14T00:27:02Z","KcirePunk/curso-angular","https://api.github.com/repos/KcirePunk/curso-angular","KcirePunk",""
"10006532888","PushEvent","2019-07-14T00:27:02Z","YOCKOW/SwiftRanges","https://api.github.com/repos/YOCKOW/SwiftRanges","YOCKOW",""
"10006532889","PushEvent","2019-07-14T00:27:02Z","Lighter97/simple_todo","https://api.github.com/repos/Lighter97/simple_todo","Lighter97",""
"10006532890","ForkEvent","2019-07-14T00:27:02Z","helm/charts","https://api.github.com/repos/helm/charts","Luizm","helm"
"10006532894","PushEvent","2019-07-14T00:27:02Z","18790096749/Book_Seach_Module","https://api.github.com/repos/18790096749/Book_Seach_Module","18790096749",""
"10006532896","PushEvent","2019-07-14T00:27:02Z","dustinpfister/blog_posts","https://api.github.com/repos/dustinpfister/blog_posts","dustinpfister",""
"10006532897","IssueCommentEvent","2019-07-14T00:27:02Z","h-Klok/StatsWithJuliaBook","https://api.github.com/repos/h-Klok/StatsWithJuliaBook","yoninazarathy",""
"10006532899","IssuesEvent","2019-07-14T00:27:03Z","h-Klok/StatsWithJuliaBook","https://api.github.com/repos/h-Klok/StatsWithJuliaBook","yoninazarathy",""
"10006532903","PushEvent","2019-07-14T00:27:03Z","chen-gz/chen-gz.github.io","https://api.github.com/repos/chen-gz/chen-gz.github.io","chen-gz",""
"10006532905","PullRequestEvent","2019-07-14T00:27:03Z","gitgregoryjones/pseudo-test","https://api.github.com/repos/gitgregoryjones/pseudo-test","gitgregoryjones",""
"10006532909","IssuesEvent","2019-07-14T00:27:03Z","openslide/openslide-python","https://api.github.com/repos/openslide/openslide-python","ozanciga","openslide"
"10006532910","PushEvent","2019-07-14T00:27:03Z","gitgregoryjones/pseudo-test","https://api.github.com/repos/gitgregoryjones/pseudo-test","gitgregoryjones",""
"10006532913","PushEvent","2019-07-14T00:27:03Z","dauncy/sigma-notation-data-science-intro-000","https://api.github.com/repos/dauncy/sigma-notation-data-science-intro-000","dauncy",""
"10006532915","PushEvent","2019-07-14T00:27:03Z","Kaiollio/iptvlista","https://api.github.com/repos/Kaiollio/iptvlista","Kaiollio",""
"10006532917","PushEvent","2019-07-14T00:27:04Z","uwplse/theia","https://api.github.com/repos/uwplse/theia","joshpoll","uwplse"
"10006532923","DeleteEvent","2019-07-14T00:27:04Z","grapoza/vue-tree","https://api.github.com/repos/grapoza/vue-tree","grapoza",""
"10006532924","PushEvent","2019-07-14T00:27:04Z","htwyford/crowdsourced-map","https://api.github.com/repos/htwyford/crowdsourced-map","htwyford",""
"10006532928","PushEvent","2019-07-14T00:27:04Z","mrizkir/eplanning","https://api.github.com/repos/mrizkir/eplanning","mrizkir",""
"10006532934","PushEvent","2019-07-14T00:27:05Z","Arash-Rezaie/SessionRepository","https://api.github.com/repos/Arash-Rezaie/SessionRepository","Arash-Rezaie",""
"10006532938","PushEvent","2019-07-14T00:27:05Z","jsbchoi/MakeChangeProject","https://api.github.com/repos/jsbchoi/MakeChangeProject","jsbchoi",""
"10006532943","WatchEvent","2019-07-14T00:27:05Z","microsoft/vscode-recipes","https://api.github.com/repos/microsoft/vscode-recipes","wfd2018","microsoft"
"10006532944","PushEvent","2019-07-14T00:27:05Z","Ultimate-Hosts-Blacklist/BadIPs.com_Level_5","https://api.github.com/repos/Ultimate-Hosts-Blacklist/BadIPs.com_Level_5","funilrys","Ultimate-Hosts-Blacklist"
"10006532945","PushEvent","2019-07-14T00:27:05Z","hashibiroko/tanoshi","https://api.github.com/repos/hashibiroko/tanoshi","hashibiroko",""
"10006532946","PushEvent","2019-07-14T00:27:05Z","Ponzel/FoundersFortuneLocalization","https://api.github.com/repos/Ponzel/FoundersFortuneLocalization","dimon7147",""
"10006532949","WatchEvent","2019-07-14T00:27:05Z","lightningminers/awesome-indie","https://api.github.com/repos/lightningminers/awesome-indie","ourai","lightningminers"
"10006532951","ForkEvent","2019-07-14T00:27:05Z","zcs0843021123/my-git","https://api.github.com/repos/zcs0843021123/my-git","jashion",""
"10006532954","WatchEvent","2019-07-14T00:27:06Z","redgeoff/mson","https://api.github.com/repos/redgeoff/mson","danielsdesk",""
"10006532960","DeleteEvent","2019-07-14T00:27:06Z","vivaxy/course","https://api.github.com/repos/vivaxy/course","dependabot[bot]",""
"10006532961","PushEvent","2019-07-14T00:27:06Z","cristian0193/JavaEE","https://api.github.com/repos/cristian0193/JavaEE","cristian0193",""
"10006532963","CreateEvent","2019-07-14T00:27:06Z","marioy47/marioy47.github.io","https://api.github.com/repos/marioy47/marioy47.github.io","marioy47",""
"10006532964","CreateEvent","2019-07-14T00:27:06Z","Decnop/MapaVegan","https://api.github.com/repos/Decnop/MapaVegan","Decnop",""
"10006532965","IssuesEvent","2019-07-14T00:27:06Z","encode/http3","https://api.github.com/repos/encode/http3","sethmlarson","encode"
"10006532967","PushEvent","2019-07-14T00:27:06Z","obnaeger/recipes","https://api.github.com/repos/obnaeger/recipes","obnaeger",""
"10006532973","PushEvent","2019-07-14T00:27:07Z","quannguyen234/calculating-lines-data-science-intro-000","https://api.github.com/repos/quannguyen234/calculating-lines-data-science-intro-000","quannguyen234",""
"10006532974","IssuesEvent","2019-07-14T00:27:07Z","codeandcoffeelb/syllabi","https://api.github.com/repos/codeandcoffeelb/syllabi","imakevideogames","codeandcoffeelb"
"10006532979","PushEvent","2019-07-14T00:27:07Z","PiC-MAP/PiC-MAP.github.io","https://api.github.com/repos/PiC-MAP/PiC-MAP.github.io","ElJalapenoVengador",""
"10006532985","PullRequestEvent","2019-07-14T00:27:07Z","bervProject/belitung-information-center-api","https://api.github.com/repos/bervProject/belitung-information-center-api","berviantoleo","bervProject"
"10006532987","PushEvent","2019-07-14T00:27:07Z","NGnius/playq","https://api.github.com/repos/NGnius/playq","NGnius",""
"10006532991","PushEvent","2019-07-14T00:27:08Z","kamontat/gh-labels-replacer","https://api.github.com/repos/kamontat/gh-labels-replacer","renovate[bot]",""
"10006532996","PushEvent","2019-07-14T00:27:08Z","wc0517/lorrrie","https://api.github.com/repos/wc0517/lorrrie","wc0517",""
"10006532997","CreateEvent","2019-07-14T00:27:08Z","nshukla75/jsLibrary","https://api.github.com/repos/nshukla75/jsLibrary","nshukla75",""
"10006532999","DeleteEvent","2019-07-14T00:27:08Z","CircleCITestOrg/smoke-test-test-repo","https://api.github.com/repos/CircleCITestOrg/smoke-test-test-repo","CircleJanewayTest","CircleCITestOrg"
"10006533001","PushEvent","2019-07-14T00:27:08Z","gandrewnorman/portfolio19","https://api.github.com/repos/gandrewnorman/portfolio19","gandrewnorman",""
"10006533002","PushEvent","2019-07-14T00:27:08Z","freecityhacks/fch-docs","https://api.github.com/repos/freecityhacks/fch-docs","davidconoh","freecityhacks"
"10006533004","PushEvent","2019-07-14T00:27:08Z","bervProject/belitung-information-center-api","https://api.github.com/repos/bervProject/belitung-information-center-api","berviantoleo","bervProject"
"10006533005","PushEvent","2019-07-14T00:27:08Z","yulei88/autohosts","https://api.github.com/repos/yulei88/autohosts","yulei88",""
"10006533006","PushEvent","2019-07-14T00:27:08Z","g0v-data/mirror-minutely","https://api.github.com/repos/g0v-data/mirror-minutely","gugod","g0v-data"
"10006533007","PushEvent","2019-07-14T00:27:08Z","bromite/bromite.github.io","https://api.github.com/repos/bromite/bromite.github.io","csagan5","bromite"
"10006533013","PushEvent","2019-07-14T00:27:08Z","snoopycrimecop/ice-builder-gradle","https://api.github.com/repos/snoopycrimecop/ice-builder-gradle","snoopycrimecop",""
"10006533014","PushEvent","2019-07-14T00:27:08Z","Joshua-Ashton/d9vk","https://api.github.com/repos/Joshua-Ashton/d9vk","Joshua-Ashton",""
"10006533016","PushEvent","2019-07-14T00:27:08Z","mablebable/powerdation","https://api.github.com/repos/mablebable/powerdation","mablebable",""
"10006533018","CreateEvent","2019-07-14T00:27:09Z","gg-tools/headless-script","https://api.github.com/repos/gg-tools/headless-script","alza54","gg-tools"
"10006533020","PushEvent","2019-07-14T00:27:09Z","TeTeBerry/Spring-iot","https://api.github.com/repos/TeTeBerry/Spring-iot","TeTeBerry",""
"10006533025","PushEvent","2019-07-14T00:27:09Z","khanghoang/ndb","https://api.github.com/repos/khanghoang/ndb","khanghoang",""
"10006533027","PullRequestEvent","2019-07-14T00:27:09Z","IC97/Ina-Chen","https://api.github.com/repos/IC97/Ina-Chen","IC97",""
"10006533030","PushEvent","2019-07-14T00:27:09Z","tecnostaspa/Assassins-Play","https://api.github.com/repos/tecnostaspa/Assassins-Play","tecnostaspa",""
"10006533032","PushEvent","2019-07-14T00:27:09Z","PauloRob8/ProjetoFinalPI","https://api.github.com/repos/PauloRob8/ProjetoFinalPI","Biscoitonikito",""
"10006533035","CreateEvent","2019-07-14T00:27:09Z","CircleCITestOrg/smoke-test-test-repo","https://api.github.com/repos/CircleCITestOrg/smoke-test-test-repo","CircleJanewayTest","CircleCITestOrg"
"10006533038","PushEvent","2019-07-14T00:27:10Z","open-craft/sprints","https://api.github.com/repos/open-craft/sprints","Agrendalath","open-craft"
"10006533041","PushEvent","2019-07-14T00:27:10Z","IC97/Ina-Chen","https://api.github.com/repos/IC97/Ina-Chen","IC97",""
"10006533046","ForkEvent","2019-07-14T00:27:10Z","learn-co-students/programming-univbasics-3-ruby-method-arguments-lab-online-web-prework","https://api.github.com/repos/learn-co-students/programming-univbasics-3-ruby-method-arguments-lab-online-web-prework","anthonbrooks","learn-co-students"
"10006533050","PushEvent","2019-07-14T00:27:10Z","panzer3827945/-the-first-week","https://api.github.com/repos/panzer3827945/-the-first-week","panzer3827945",""
"10006533051","PushEvent","2019-07-14T00:27:10Z","mzhang724/python-practice-with-datatypes-data-science-intro-000","https://api.github.com/repos/mzhang724/python-practice-with-datatypes-data-science-intro-000","mzhang724",""
"10006533054","PushEvent","2019-07-14T00:27:10Z","elazar/lfttraffic-data","https://api.github.com/repos/elazar/lfttraffic-data","elazar",""
"10006533059","IssueCommentEvent","2019-07-14T00:27:11Z","markdwags/Razor","https://api.github.com/repos/markdwags/Razor","BlackTeaOutlands",""
"10006533061","PushEvent","2019-07-14T00:27:11Z","SJeannie/python-practice-with-datatypes-houston-ds-071519","https://api.github.com/repos/SJeannie/python-practice-with-datatypes-houston-ds-071519","SJeannie",""
"10006533063","PushEvent","2019-07-14T00:27:11Z","MeetaGit/MeetaRules","https://api.github.com/repos/MeetaGit/MeetaRules","MeetaGit",""
"10006533065","IssueCommentEvent","2019-07-14T00:27:11Z","NixOS/nixpkgs","https://api.github.com/repos/NixOS/nixpkgs","risicle","NixOS"
"10006533066","CreateEvent","2019-07-14T00:27:11Z","Vermeille/Torchelie","https://api.github.com/repos/Vermeille/Torchelie","Vermeille",""
"10006533068","WatchEvent","2019-07-14T00:27:11Z","spring-projects/spring-hateoas","https://api.github.com/repos/spring-projects/spring-hateoas","DavyGuedes","spring-projects"
"10006533069","PushEvent","2019-07-14T00:27:11Z","kahcaroline/demoday-pizza","https://api.github.com/repos/kahcaroline/demoday-pizza","kahcaroline",""
"10006533070","PushEvent","2019-07-14T00:27:11Z","leon541/git3","https://api.github.com/repos/leon541/git3","tomwang541",""
"10006533072","ForkEvent","2019-07-14T00:27:11Z","Alamofire/Alamofire","https://api.github.com/repos/Alamofire/Alamofire","BSBre","Alamofire"
"10006533075","PushEvent","2019-07-14T00:27:11Z","eugeneai/hw-humidifier-12v","https://api.github.com/repos/eugeneai/hw-humidifier-12v","eugeneai",""
"10006533077","IssuesEvent","2019-07-14T00:27:11Z","ppy/osu-web","https://api.github.com/repos/ppy/osu-web","downpour-osu","ppy"
"10006533084","PushEvent","2019-07-14T00:27:12Z","snoopycrimecop/omero-api-plugin","https://api.github.com/repos/snoopycrimecop/omero-api-plugin","snoopycrimecop",""
"10006533085","ForkEvent","2019-07-14T00:27:12Z","HydroProtocol/hydro-scaffold-dex","https://api.github.com/repos/HydroProtocol/hydro-scaffold-dex","theBlue0x","HydroProtocol"
"10006533087","CreateEvent","2019-07-14T00:27:12Z","gitgregoryjones/pseudo-test","https://api.github.com/repos/gitgregoryjones/pseudo-test","gitgregoryjones",""
"10006533088","PushEvent","2019-07-14T00:27:12Z","hassanalawie/javascript-arithmetic-lab-bootcamp-prep-000","https://api.github.com/repos/hassanalawie/javascript-arithmetic-lab-bootcamp-prep-000","hassanalawie",""
"10006533090","PushEvent","2019-07-14T00:27:12Z","Lombiq/Responsive-Pretty-Good-Base-Theme","https://api.github.com/repos/Lombiq/Responsive-Pretty-Good-Base-Theme","LombiqBot","Lombiq"
"10006533094","CreateEvent","2019-07-14T00:27:12Z","mjstest/orgb3","https://api.github.com/repos/mjstest/orgb3","kirillovmr","mjstest"
"10006533095","PushEvent","2019-07-14T00:27:12Z","lesthack/dailyupdate","https://api.github.com/repos/lesthack/dailyupdate","lesthack",""
"10006533096","PullRequestEvent","2019-07-14T00:27:12Z","servo/pathfinder","https://api.github.com/repos/servo/pathfinder","toolness","servo"
"10006533109","CreateEvent","2019-07-14T00:27:13Z","Fisik343/odd-cipher","https://api.github.com/repos/Fisik343/odd-cipher","Fisik343",""
"10006533111","PushEvent","2019-07-14T00:27:13Z","moonbadge/MoonBadge-Firmware-Arduino","https://api.github.com/repos/moonbadge/MoonBadge-Firmware-Arduino","acamilo","moonbadge"
"10006533113","PushEvent","2019-07-14T00:27:13Z","8emezzo/8emezzo.github.io","https://api.github.com/repos/8emezzo/8emezzo.github.io","8emezzo",""
"10006533114","WatchEvent","2019-07-14T00:27:13Z","mirth-lang/mirth","https://api.github.com/repos/mirth-lang/mirth","mdk97","mirth-lang"
"10006533116","PushEvent","2019-07-14T00:27:13Z","orri93/fdsarduinolibrary","https://api.github.com/repos/orri93/fdsarduinolibrary","orri93",""
"10006533117","PushEvent","2019-07-14T00:27:13Z","hasabcc/ghg","https://api.github.com/repos/hasabcc/ghg","hasabcc",""
"10006533120","GollumEvent","2019-07-14T00:27:13Z","OpenSC/OpenSC","https://api.github.com/repos/OpenSC/OpenSC","dwhobrey","OpenSC"
"10006533121","PushEvent","2019-07-14T00:27:13Z","lonefintech/hugo-contrarian","https://api.github.com/repos/lonefintech/hugo-contrarian","lonefintech",""
"10006533125","PushEvent","2019-07-14T00:27:13Z","dcortright/Healthy","https://api.github.com/repos/dcortright/Healthy","dcortright",""
"10006533132","PushEvent","2019-07-14T00:27:14Z","booleanqq/do_not_enter","https://api.github.com/repos/booleanqq/do_not_enter","booleanqq",""
"10006533140","PushEvent","2019-07-14T00:27:14Z","Lombiq/Responsive-Pretty-Good-Base-Theme","https://api.github.com/repos/Lombiq/Responsive-Pretty-Good-Base-Theme","LombiqBot","Lombiq"
"10006533144","PushEvent","2019-07-14T00:27:14Z","agusasdfkajsd/serverip","https://api.github.com/repos/agusasdfkajsd/serverip","agusasdfkajsd",""
"10006533145","PushEvent","2019-07-14T00:27:14Z","crouther/crouther.github.io","https://api.github.com/repos/crouther/crouther.github.io","crouther",""
"10006533152","PushEvent","2019-07-14T00:27:15Z","gavramos/iframer","https://api.github.com/repos/gavramos/iframer","gavramos",""
"10006533153","PushEvent","2019-07-14T00:27:15Z","Korilakkuma/spa-sample-with-redux","https://api.github.com/repos/Korilakkuma/spa-sample-with-redux","Korilakkuma",""
"10006533157","PushEvent","2019-07-14T00:27:15Z","slobodanmargetic988/Hello-World","https://api.github.com/repos/slobodanmargetic988/Hello-World","slobodanmargetic988",""
"10006533158","DeleteEvent","2019-07-14T00:27:15Z","gitgregoryjones/pseudo-test","https://api.github.com/repos/gitgregoryjones/pseudo-test","gitgregoryjones",""
"10006533160","PushEvent","2019-07-14T00:27:15Z","addoasa/svg-tinker","https://api.github.com/repos/addoasa/svg-tinker","addoasa",""
"10006533162","DeleteEvent","2019-07-14T00:27:15Z","bervProject/belitung-information-center-api","https://api.github.com/repos/bervProject/belitung-information-center-api","dependabot[bot]","bervProject"
